Requirement ID,Requirement,Phase,Component,Test ID,Evidence,Status
PRJ-001,Create a project from a built-in or custom template,2,Project service,TEST-PRJ-001,app/src/__tests__/prj.test.ts (TEST-PRJ-001 PASS),PASS
PRJ-002,Edit project metadata and Project Brain,2,Project service,TEST-PRJ-002,app/src/__tests__/prj.test.ts (TEST-PRJ-002 PASS),PASS
PRJ-003,Archive and restore a project without data loss,2,Project service,TEST-PRJ-003,app/src/__tests__/prj.test.ts (TEST-PRJ-003 PASS),PASS
PRJ-004,Search sort and filter projects,2,Project query,TEST-PRJ-004,app/src/__tests__/prj.test.ts (TEST-PRJ-004 PASS),PASS
PRJ-005,Calculate and display project phase progress health risks and blockers,7,Dashboard service,TEST-PRJ-005,PENDING,NOT_STARTED
DEL-001,Create edit reorder archive and restore deliverables,3,Deliverable service,TEST-DEL-001,PENDING,NOT_STARTED
DEL-002,Support validated parent-child hierarchy,3,Deliverable service,TEST-DEL-002,PENDING,NOT_STARTED
DEL-003,Store status owner due date dependencies criteria and versions,3,Deliverable service,TEST-DEL-003,PENDING,NOT_STARTED
WPK-001,Create work packet linked to a project and optional deliverable,4,Work packet service,TEST-WPK-001,PENDING,NOT_STARTED
WPK-002,Store complete work packet specification evidence status and assignee,4,Work packet service,TEST-WPK-002,PENDING,NOT_STARTED
WPK-003,Submit versioned work for review,4,Work packet workflow,TEST-WPK-003,PENDING,NOT_STARTED
REV-001,Create criterion-based review records,5,Review service,TEST-REV-001,PENDING,NOT_STARTED
REV-002,Approve reject or request revision under transition rules,5,Review service,TEST-REV-002,PENDING,NOT_STARTED
REV-003,Preserve immutable review comments and history,5,Review service,TEST-REV-003,PENDING,NOT_STARTED
TPL-001,Load and validate built-in project templates,6,Template engine,TEST-TPL-001,PENDING,NOT_STARTED
TPL-002,Create stages deliverables brain sections and gates from a template,6,Template engine,TEST-TPL-002,PENDING,NOT_STARTED
TPL-003,Create and version custom templates,6,Template engine,TEST-TPL-003,PENDING,NOT_STARTED
GOV-001,Create immutable decision records,5,Decision service,TEST-GOV-001,PENDING,NOT_STARTED
GOV-002,Record and manage risks,5,Risk service,TEST-GOV-002,PENDING,NOT_STARTED
GOV-003,Record project versions and change summaries,3,Version service,TEST-GOV-003,PENDING,NOT_STARTED
DSH-001,Display portfolio dashboard metrics,7,Dashboard service,TEST-DSH-001,PENDING,NOT_STARTED
DSH-002,Display project dashboard,7,Dashboard service,TEST-DSH-002,PENDING,NOT_STARTED
DSH-003,Display pending reviews blockers risks recent decisions and progress,7,Dashboard service,TEST-DSH-003,PENDING,NOT_STARTED
AGT-001,Store generic agent records capabilities provider model autonomy and status,2,Agent model,TEST-AGT-001,app/src/__tests__/agt.test.ts (TEST-AGT-001 PASS),PASS
AGT-002,Maintain ordered execution queue with dependencies and evidence,4,Execution queue,TEST-AGT-002,PENDING,NOT_STARTED
AGT-003,Record append-only agent activity and outcomes,4,Activity service,TEST-AGT-003,PENDING,NOT_STARTED
EXC-001,Classify recoverable assumptions direction-required and critical issues,5,Exception manager,TEST-EXC-001,PENDING,NOT_STARTED
EXC-002,Create formal direction requests,5,Direction service,TEST-EXC-002,PENDING,NOT_STARTED
EXC-003,Continue unaffected work while an item is blocked,5,Execution coordinator,TEST-EXC-003,PENDING,NOT_STARTED
EXC-004,Record owner decisions and resume blocked work,5,Decision service,TEST-EXC-004,PENDING,NOT_STARTED
VER-001,Present understandable project version labels,3,Version manager,TEST-VER-001,PENDING,NOT_STARTED
VER-002,Record official development test and released versions,3,Version manager,TEST-VER-002,PENDING,NOT_STARTED
VER-003,Record comparison approval merge readiness and release status,9,Release manager,TEST-VER-003,PENDING,NOT_STARTED
ENV-001,Register isolated software development environments,9,Environment manager,TEST-ENV-001,PENDING,NOT_STARTED
ENV-002,Record branch worktree port database storage logs and status,9,Environment manager,TEST-ENV-002,PENDING,NOT_STARTED
ENV-003,Prevent runtime data sharing between isolated environments,8,Environment isolation,TEST-ENV-003,PENDING,NOT_STARTED
ENV-004,Display visible environment identity in non-production builds,7,Application shell,TEST-ENV-004,PENDING,NOT_STARTED
DAT-001,Export a complete project as a versioned package,8,Import export service,TEST-DAT-001,PENDING,NOT_STARTED
DAT-002,Import a compatible project package transactionally,8,Import export service,TEST-DAT-002,PENDING,NOT_STARTED
DAT-003,Reject invalid or unsupported import packages safely,8,Import export service,TEST-DAT-003,PENDING,NOT_STARTED
DAT-004,Create backups before destructive migrations and imports,1,Backup service,TEST-DAT-004,app/src/__tests__/dat004-backup.test.ts (4/4 PASS),PASS
DAT-005,Restore a verified backup with integrity checks,8,Recovery service,TEST-DAT-005,PENDING,NOT_STARTED
ATT-001,Attach files links notes test results and artifacts,4,Evidence service,TEST-ATT-001,PENDING,NOT_STARTED
ATT-002,Sanitize filenames validate size and preserve checksums,4,File service,TEST-ATT-002,PENDING,NOT_STARTED
AUD-001,Record required append-only audit events,2,Activity service,TEST-AUD-001,app/src/__tests__/aud.test.ts (TEST-AUD-001 PASS),PASS
NFR-001,Application must run locally on Windows 11 and Ubuntu LTS,1,Platform,TEST-NFR-001,app/src/__tests__/nfr001-run.test.ts (build+serve 200),PASS
NFR-002,All persisted data must survive application restart,8,Persistence,TEST-NFR-002,PENDING,NOT_STARTED
NFR-003,TypeScript strict mode must pass without errors,1,Code quality,TEST-NFR-003,app/src/__tests__/nfr003-strict-ts.test.ts (tsc strict 0 errors),PASS
NFR-004,Core pages must meet WCAG 2.1 AA keyboard and contrast expectations,8,Accessibility,TEST-NFR-004,PENDING,NOT_STARTED
NFR-005,Primary list and dashboard actions should respond within two seconds at MVP data volume,8,Performance,TEST-NFR-005,PENDING,NOT_STARTED
NFR-006,Rendered Markdown and user text must be sanitized,8,Security,TEST-NFR-006,PENDING,NOT_STARTED
NFR-007,Production release must have no unresolved critical dependency vulnerabilities,9,Security,TEST-NFR-007,PENDING,NOT_STARTED
NFR-008,All dates must be stored in UTC and displayed in owner timezone,2,Date handling,TEST-NFR-008,app/src/__tests__/nfr008.test.ts (TEST-NFR-008 PASS),PASS
NFR-009,Critical records and decisions must be append-only or versioned,5,Integrity,TEST-NFR-009,PENDING,NOT_STARTED
NFR-010,Every completed requirement must link to passing evidence,8,Traceability,TEST-NFR-010,PENDING,NOT_STARTED
INT-001,Capture and approve a plain-language Project Intent Brief with outcome audience constraints success measures commercial target and priorities,2,Intent service,TEST-INT-001,app/src/__tests__/intent.test.ts (TEST-INT-001 PASS),PASS
INT-002,Create and approve a project benchmark brief with target dimensions differentiators and intentional omissions,2,Intent service,TEST-INT-002,app/src/__tests__/intent.test.ts (TEST-INT-002 PASS),PASS
DSG-001,Trace approved intent into requirements and acceptance criteria without silently changing owner intent,2,Design service,TEST-DSG-001,app/src/__tests__/intent.test.ts (TEST-DSG-001 PASS),PASS
DSG-002,Map requirements to deliverables dependencies and executable work packets with explicit exclusions and evidence expectations,4,Design service,TEST-DSG-002,PENDING,NOT_STARTED
QLT-001,Create and version a project Quality Profile with project-type quality dimensions and target levels,6,Quality service,TEST-QLT-001,PENDING,NOT_STARTED
QLT-002,Evaluate work packet deliverable stage and release quality gates using retained evidence,5,Quality gate service,TEST-QLT-002,PENDING,NOT_STARTED
QLT-003,Record benchmark gaps and show whether mandatory commercial targets are met or explicitly accepted,7,Quality dashboard,TEST-QLT-003,PENDING,NOT_STARTED
QLT-004,Distinguish technically ready from commercially ready release states,9,Release manager,TEST-QLT-004,PENDING,NOT_STARTED
LRN-001,Capture learning records from defects feedback tests benchmarks usability commercial insights agent failures and retrospectives,5,Learning service,TEST-LRN-001,PENDING,NOT_STARTED
LRN-002,Convert assessed learning into controlled change requests requirements or backlog without silently expanding scope,5,Learning service,TEST-LRN-002,PENDING,NOT_STARTED
AUT-001,Calculate autonomy rate and first-pass acceptance from auditable execution and review records,7,Metrics service,TEST-AUT-001,PENDING,NOT_STARTED
AUT-002,Record and display owner attention time without suppressing required escalations,7,Metrics service,TEST-AUT-002,PENDING,NOT_STARTED
AUT-003,Record escalation quality and identify unnecessary escalation events,7,Metrics service,TEST-AUT-003,PENDING,NOT_STARTED
AUT-004,Calculate autonomous recovery rate from classified recoverable execution incidents,7,Metrics service,TEST-AUT-004,PENDING,NOT_STARTED
SEVL-001,Complete one persisted end-to-end Smallest Executable VSO Loop from intent through learning with evidence and review,5,SEVL integration,TEST-SEVL-001,PENDING,NOT_STARTED
